name,link
The Chicago Cosmetic Dentistry Crisis | Noblecom Solutions,https://chicago-insights.vercel.app/1st_family_dental-logan_square
The Chicago Dermatology Crisis | Noblecom Solutions,https://chicago-insights.vercel.app/advocate_medical_group
The Chicago Cosmetic Dentistry Crisis | Noblecom Solutions,https://chicago-insights.vercel.app/all_family_dental_and_braces
The Chicago Cosmetic Dentistry Crisis | Noblecom Solutions,https://chicago-insights.vercel.app/andersonville_dental
The Chicago Cosmetic Dentistry Crisis | Noblecom Solutions,https://chicago-insights.vercel.app/archer_dentistry
The Chicago Cosmetic Dentistry Crisis | Noblecom Solutions,https://chicago-insights.vercel.app/art_of_modern_dentistry
The Chicago Cosmetic Dentistry Crisis | Noblecom Solutions,https://chicago-insights.vercel.app/augusta_dental_center
The Chicago Dermatology Crisis | Noblecom Solutions,"https://chicago-insights.vercel.app/belmina_n_michael,_md"
The Chicago Cosmetic Dentistry Crisis | Noblecom Solutions,https://chicago-insights.vercel.app/big_smile_dental
The Chicago Cosmetic Dentistry Crisis | Noblecom Solutions,https://chicago-insights.vercel.app/broadway_dental_co.
The Chicago Dermatology Crisis | Noblecom Solutions,https://chicago-insights.vercel.app/center_for_dermatology_and_aesthetic_medicine
The Chicago Dermatology Crisis | Noblecom Solutions,https://chicago-insights.vercel.app/charming_skin_vein_clinics
The Chicago Dermatology Crisis | Noblecom Solutions,https://chicago-insights.vercel.app/danilo_v_del_campo_mdsc
The Chicago Cosmetic Dentistry Crisis | Noblecom Solutions,https://chicago-insights.vercel.app/dental_impressions_chicago
The Chicago Cosmetic Dentistry Crisis | Noblecom Solutions,https://chicago-insights.vercel.app/dentist_pc
The Chicago Dermatology Crisis | Noblecom Solutions,https://chicago-insights.vercel.app/derm_institute_of_chicago
The Chicago Dermatology Crisis | Noblecom Solutions,https://chicago-insights.vercel.app/dr._elizabeth_kiracofe_-_airia_comprehensive_dermatology
The Chicago Dermatology Crisis | Noblecom Solutions,https://chicago-insights.vercel.app/dr._vladimir_panine
The Chicago Dermatology Crisis | Noblecom Solutions,https://chicago-insights.vercel.app/elysium_surgispa
The Chicago Cosmetic Dentistry Crisis | Noblecom Solutions,https://chicago-insights.vercel.app/emergency_dentistry_chicago
The Chicago Cosmetic Dentistry Crisis | Noblecom Solutions,https://chicago-insights.vercel.app/family_dental_care
The Chicago Cosmetic Dentistry Crisis | Noblecom Solutions,https://chicago-insights.vercel.app/family_dentist
The Chicago Cosmetic Dentistry Crisis | Noblecom Solutions,https://chicago-insights.vercel.app/forever_dental_-_belmont_avenue
The Chicago Dermatology Crisis | Noblecom Solutions,https://chicago-insights.vercel.app/illinois_skin_center
The Chicago Cosmetic Dentistry Crisis | Noblecom Solutions,https://chicago-insights.vercel.app/klempka_dentist_office
The Chicago Cosmetic Dentistry Crisis | Noblecom Solutions,https://chicago-insights.vercel.app/lakeshore_dental_studio_of_chicago
The Chicago Cosmetic Dentistry Crisis | Noblecom Solutions,https://chicago-insights.vercel.app/lincoln_square_dental_spa
The Chicago Cosmetic Dentistry Crisis | Noblecom Solutions,https://chicago-insights.vercel.app/lps_dental_-_lincoln_park_dentist
The Chicago Cosmetic Dentistry Crisis | Noblecom Solutions,https://chicago-insights.vercel.app/modern_dental_on_division
The Chicago Cosmetic Dentistry Crisis | Noblecom Solutions,https://chicago-insights.vercel.app/neighborhood_dental
The Chicago Dermatology Crisis | Noblecom Solutions,"https://chicago-insights.vercel.app/neill_t._peters,_m.d."
The Chicago Dermatology Crisis | Noblecom Solutions,https://chicago-insights.vercel.app/new_you_cosmetic_medicine
The Chicago Dermatology Crisis | Noblecom Solutions,https://chicago-insights.vercel.app/northwestern_skin_cancer_institute
The Chicago Dermatology Crisis | Noblecom Solutions,https://chicago-insights.vercel.app/northwest_medicine_department_dermatology
The Chicago Cosmetic Dentistry Crisis | Noblecom Solutions,https://chicago-insights.vercel.app/northwest_point_dental
The Chicago Cosmetic Dentistry Crisis | Noblecom Solutions,https://chicago-insights.vercel.app/one_mag_smile
The Chicago Cosmetic Dentistry Crisis | Noblecom Solutions,https://chicago-insights.vercel.app/orthodontic_experts_chicago
The Chicago Cosmetic Dentistry Crisis | Noblecom Solutions,https://chicago-insights.vercel.app/park_view_smiles_-_chicago_loop_dentist
The Chicago Dermatology Crisis | Noblecom Solutions,https://chicago-insights.vercel.app/physician_laser_and_dermatology_institute
The Chicago Cosmetic Dentistry Crisis | Noblecom Solutions,https://chicago-insights.vercel.app/polished_-_a_dental_studio_lakeview
The Chicago Cosmetic Dentistry Crisis | Noblecom Solutions,"https://chicago-insights.vercel.app/portage_park_dental_associates,_ltd"
The Chicago Cosmetic Dentistry Crisis | Noblecom Solutions,https://chicago-insights.vercel.app/pure_dental_spa_chicago
The Chicago Cosmetic Dentistry Crisis | Noblecom Solutions,https://chicago-insights.vercel.app/secure_dentalâ€”foster_ave.
The Chicago Dermatology Crisis | Noblecom Solutions,"https://chicago-insights.vercel.app/shirley_jean-baptiste,_md,_faad"
The Chicago Dermatology Crisis | Noblecom Solutions,https://chicago-insights.vercel.app/skin_md
The Chicago Cosmetic Dentistry Crisis | Noblecom Solutions,https://chicago-insights.vercel.app/smile_312_chicago's_premier_dentist
The Chicago Dermatology Crisis | Noblecom Solutions,"https://chicago-insights.vercel.app/tone_dermatology_-_dr._caroline_robinson,_md,_faad"
The Chicago Cosmetic Dentistry Crisis | Noblecom Solutions,https://chicago-insights.vercel.app/urban_smiles_dental
The Chicago Cosmetic Dentistry Crisis | Noblecom Solutions,https://chicago-insights.vercel.app/vip_dental_lounge_-_dentist_portage_park
The Chicago Cosmetic Dentistry Crisis | Noblecom Solutions,https://chicago-insights.vercel.app/weller_dental_-_chicago
The Chicago Cosmetic Dentistry Crisis | Noblecom Solutions,https://chicago-insights.vercel.app/z_dental_care
